{
  "base": {
    "parent": null,
    "length": 10.0,
    "z": 0.0,
    "y": -0.0,
    "x": 0.0,
    "location": {
      "x": 0.0,
      "y": 0.0,
      "z": 0.0
    }
  },
  "body_lower": {
    "parent": "base",
    "length": 10.0,
    "z": 0.0,
    "y": -0.0,
    "x": 0.0,
    "location": {
      "x": 0.0,
      "y": 0.0,
      "z": 0.0
    }
  },
  "body_spine": {
    "parent": "body_lower",
    "length": 10.0,
    "z": 0.0,
    "y": -0.0,
    "x": 0.036279983818531036,
    "location": {
      "x": 0.0,
      "y": 31.358938217163086,
      "z": 1.5774104595184326
    }
  },
  "body_upper": {
    "parent": "body_spine",
    "length": 10.0,
    "z": 0.0,
    "y": -0.0,
    "x": -0.036279983818531036,
    "location": {
      "x": 0.0,
      "y": 15.900300979614258,
      "z": 0.0
    }
  },
  "neck_collar": {
    "parent": "body_upper",
    "length": 1.0,
    "z": 0.0,
    "y": -0.0,
    "x": 0.0,
    "location": {
      "x": 0.0,
      "y": 49.69876480102539,
      "z": 2.8312501907348633
    }
  },
  "neck_cylinder_left": {
    "parent": "neck_collar",
    "length": 10.0,
    "z": 0.06779888272285461,
    "y": -0.0,
    "x": 0.21659545600414276,
    "location": {
      "x": 9.504910469055176,
      "y": -1.2652249336242676,
      "z": -12.235044479370117
    }
  },
  "neck_cylinder_right": {
    "parent": "neck_collar",
    "length": 10.0,
    "z": -0.06779888272285461,
    "y": -0.0,
    "x": 0.21659545600414276,
    "location": {
      "x": -9.504910469055176,
      "y": -1.2652249336242676,
      "z": -12.235044479370117
    }
  },
  "neck_spine_1": {
    "parent": "neck_collar",
    "length": 10.0,
    "z": 0.0,
    "y": -0.0,
    "x": 0.0,
    "location": {
      "x": 0.0,
      "y": -10.215837478637695,
      "z": 0.0
    }
  },
  "neck_spine_2": {
    "parent": "neck_spine_1",
    "length": 10.0,
    "z": 0.0,
    "y": -0.0,
    "x": 0.0,
    "location": {
      "x": 0.0,
      "y": 10.678594589233398,
      "z": 0.0
    }
  },
  "head": {
    "parent": "neck_spine_2",
    "length": 10.0,
    "z": 0.0,
    "y": -0.0,
    "x": 0.0,
    "location": {
      "x": 0.0,
      "y": 15.844879150390625,
      "z": 0.0
    }
  },
  "shoulder_adapter_r": {
    "parent": "body_upper",
    "length": 10.0,
    "z": -1.1523762941360474,
    "y": -0.0,
    "x": 0.0,
    "location": {
      "x": 23.546199798583984,
      "y": 22.244300842285156,
      "z": -3.26377010345459
    }
  },
  "upper_arm_r": {
    "parent": "shoulder_adapter_r",
    "length": 10.0,
    "z": -1.919862151145935,
    "y": 1.5707963705062866,
    "x": 0.0,
    "location": {
      "x": 0.5923759937286377,
      "y": 17.285900115966797,
      "z": 0.0
    }
  },
  "elbow_r": {
    "parent": "upper_arm_r",
    "length": 10.0,
    "z": 0.0,
    "y": 1.5707963705062866,
    "x": 0.0,
    "location": {
      "x": 3.1052911708684405e-07,
      "y": 38.640201568603516,
      "z": -5.740479946136475
    }
  },
  "forearm_r": {
    "parent": "elbow_r",
    "length": 10.0,
    "z": 0.0,
    "y": -0.0,
    "x": 0.0,
    "location": {
      "x": 0.0,
      "y": 5.0,
      "z": 3.0
    }
  },
  "palm_r": {
    "parent": "forearm_r",
    "length": 10.0,
    "z": 0.0,
    "y": -0.0,
    "x": 0.0,
    "location": {
      "x": 0.0,
      "y": 56.0,
      "z": -3.0
    }
  },
  "thumb_proximal_phalanx_r": {
    "parent": "palm_r",
    "length": 1.0,
    "z": -1.5707963705062866,
    "y": -0.0,
    "x": 0.0,
    "location": {
      "x": 7.5,
      "y": 8.0,
      "z": 1.5
    }
  },
  "thumb_distal_phalanx_r": {
    "parent": "thumb_proximal_phalanx_r",
    "length": 1.0,
    "z": 0.0,
    "y": -0.0,
    "x": 0.0,
    "location": {
      "x": 0.0,
      "y": 8.5,
      "z": 0.0
    }
  },
  "index_f_proximal_phalanx_r": {
    "parent": "palm_r",
    "length": 1.0,
    "z": 0.0,
    "y": -0.0,
    "x": 0.0,
    "location": {
      "x": 7.0,
      "y": 19.5,
      "z": 0.699999988079071
    }
  },
  "index_f_middle_phalanx_r": {
    "parent": "index_f_proximal_phalanx_r",
    "length": 1.0,
    "z": 0.0,
    "y": -0.0,
    "x": 0.0,
    "location": {
      "x": 0.0,
      "y": 5.5,
      "z": 0.0
    }
  },
  "index_f_distal_phalanx_r": {
    "parent": "index_f_middle_phalanx_r",
    "length": 1.0,
    "z": 0.0,
    "y": -0.0,
    "x": 0.0,
    "location": {
      "x": 0.0,
      "y": 6.5,
      "z": 0.0
    }
  },
  "middle_f_proximal_phalanx_r": {
    "parent": "palm_r",
    "length": 1.0,
    "z": 0.0,
    "y": -0.0,
    "x": 0.0,
    "location": {
      "x": 2.5,
      "y": 19.5,
      "z": 0.699999988079071
    }
  },
  "middle_f_middle_phalanx_r": {
    "parent": "middle_f_proximal_phalanx_r",
    "length": 1.0,
    "z": 0.0,
    "y": -0.0,
    "x": 0.0,
    "location": {
      "x": 0.0,
      "y": 5.5,
      "z": 0.0
    }
  },
  "middle_f_distal_phalanx_r": {
    "parent": "middle_f_middle_phalanx_r",
    "length": 1.0,
    "z": 0.0,
    "y": -0.0,
    "x": 0.0,
    "location": {
      "x": 0.0,
      "y": 6.5,
      "z": 0.0
    }
  },
  "ring_f_proximal_phalanx_r": {
    "parent": "palm_r",
    "length": 1.0,
    "z": 0.0,
    "y": -0.0,
    "x": 0.0,
    "location": {
      "x": -2.5,
      "y": 19.5,
      "z": 0.699999988079071
    }
  },
  "ring_f_middle_phalanx_r": {
    "parent": "ring_f_proximal_phalanx_r",
    "length": 1.0,
    "z": 0.0,
    "y": -0.0,
    "x": 0.0,
    "location": {
      "x": 0.0,
      "y": 5.5,
      "z": 0.0
    }
  },
  "ring_f_distal_phalanx_r": {
    "parent": "ring_f_middle_phalanx_r",
    "length": 1.0,
    "z": 0.0,
    "y": -0.0,
    "x": 0.0,
    "location": {
      "x": 0.0,
      "y": 6.5,
      "z": 0.0
    }
  },
  "little_f_proximal_phalanx_r": {
    "parent": "palm_r",
    "length": 1.0,
    "z": 0.0,
    "y": -0.0,
    "x": 0.0,
    "location": {
      "x": -7.5,
      "y": 19.5,
      "z": 0.699999988079071
    }
  },
  "little_f_middle_phalanx_r": {
    "parent": "little_f_proximal_phalanx_r",
    "length": 1.0,
    "z": 0.0,
    "y": -0.0,
    "x": 0.0,
    "location": {
      "x": 0.0,
      "y": 5.5,
      "z": 0.0
    }
  },
  "little_f_distal_phalanx_r": {
    "parent": "little_f_middle_phalanx_r",
    "length": 1.0,
    "z": 0.0,
    "y": -0.0,
    "x": 0.0,
    "location": {
      "x": 0.0,
      "y": 6.5,
      "z": 0.0
    }
  },
  "weapon_r": {
    "parent": "palm_r",
    "length": 10.0,
    "z": 0.0,
    "y": -1.5707963705062866,
    "x": 0.0,
    "location": {
      "x": 0.0,
      "y": 11.0,
      "z": 5.0
    }
  },
  "shoulder_adapter_l": {
    "parent": "body_upper",
    "length": 10.0,
    "z": 1.1523762941360474,
    "y": -0.0,
    "x": 0.0,
    "location": {
      "x": -23.546199798583984,
      "y": 22.244300842285156,
      "z": -3.26377010345459
    }
  },
  "upper_arm_l": {
    "parent": "shoulder_adapter_l",
    "length": 10.0,
    "z": 1.919862151145935,
    "y": -1.5707963705062866,
    "x": 0.0,
    "location": {
      "x": -0.5923759937286377,
      "y": 17.285900115966797,
      "z": 0.0
    }
  },
  "elbow_l": {
    "parent": "upper_arm_l",
    "length": 10.0,
    "z": 0.0,
    "y": -1.5707963705062866,
    "x": 0.0,
    "location": {
      "x": 0.0,
      "y": 38.640201568603516,
      "z": -5.740479946136475
    }
  },
  "forearm_l": {
    "parent": "elbow_l",
    "length": 10.0,
    "z": 0.0,
    "y": -0.0,
    "x": 0.0,
    "location": {
      "x": 0.0,
      "y": 5.0,
      "z": 3.0
    }
  },
  "palm_l": {
    "parent": "forearm_l",
    "length": 10.0,
    "z": 0.0,
    "y": -0.0,
    "x": 0.0,
    "location": {
      "x": 0.0,
      "y": 56.0,
      "z": -3.0
    }
  },
  "thumb_proximal_phalanx_l": {
    "parent": "palm_l",
    "length": 1.0,
    "z": 1.5707963705062866,
    "y": -0.0,
    "x": 0.0,
    "location": {
      "x": -7.5,
      "y": 8.0,
      "z": 1.5
    }
  },
  "thumb_distal_phalanx_l": {
    "parent": "thumb_proximal_phalanx_l",
    "length": 1.0,
    "z": 0.0,
    "y": -0.0,
    "x": 0.0,
    "location": {
      "x": 0.0,
      "y": 8.5,
      "z": 0.0
    }
  },